<!--<?xml version="1.0" encoding="UTF-8"?>-->
<!--<!DOCTYPE generatorConfiguration-->
<!--   PUBLIC "-//mybatis.org//DTD MyBatis Generator Configuration 1.0//EN"-->
<!--   "http://mybatis.org/dtd/mybatis-generator-config_1_0.dtd">-->
<!-- &lt;!&ndash; 配置 tableName,使用 Run As Maven build 生成 dao 层 &ndash;&gt;-->
<!-- <generatorConfiguration>-->
<!--  &lt;!&ndash; 配置文件路径 &ndash;&gt;-->
<!--<properties resource="application.properties"/>-->
<!--&lt;!&ndash;数据库驱动包路径 &ndash;&gt;-->
<!-- <classPathEntry location="${mybatis.jdbc.jar}"/>-->

<!--&lt;!&ndash; flat表示为每一张表只生成一个实体类。这个实体类包含表中的所有字段&ndash;&gt;-->
<!-- <context id="virtual-control-sql" defaultModelType="flat"   targetRuntime="MyBatis3Simple">-->
<!--   &lt;!&ndash; 生成的Java文件的编码 &ndash;&gt;-->
<!--     <property name="javaFileEncoding" value="UTF-8"/>-->
<!--      &lt;!&ndash; 格式化java代码 &ndash;&gt;-->
<!--      <property name="javaFormatter"-->
<!--                   value="org.mybatis.generator.api.dom.DefaultJavaFormatter"/>-->
<!--        &lt;!&ndash; 格式化XML代码 &ndash;&gt;-->
<!--        <property name="xmlFormatter"-->
<!--                 value="org.mybatis.generator.api.dom.DefaultXmlFormatter"/>-->
<!--       &lt;!&ndash; 抑制警告 &ndash;&gt;-->
<!--        <property name="suppressTypeWarnings" value="true"/>-->

<!--        &lt;!&ndash; generate entity时，生成serialVersionUID &ndash;&gt;-->
<!--&lt;!&ndash;        <plugin type="org.mybatis.generator.plugins.SerializablePlugin"/>&ndash;&gt;-->

<!--       &lt;!&ndash;关闭注释 &ndash;&gt;-->
<!--       <commentGenerator>-->
<!--           <property name="suppressAllComments" value="true"/>&lt;!&ndash; 是否取消注释 &ndash;&gt;-->
<!--           <property name="suppressDate" value="true"/> &lt;!&ndash; 是否生成注释代时间戳 &ndash;&gt;-->
<!--       </commentGenerator>-->

<!--           &lt;!&ndash;解析数据库列类型和Java类型映射关系:可选属性forceBigDecimals与useJSR310Types，还可以重构覆盖使用&ndash;&gt;-->
<!--&lt;!&ndash;            <javaTypeResolver >&ndash;&gt;-->
<!--&lt;!&ndash;                &lt;!&ndash;是否强制把所有数字强制使用BigDecimpl表示&ndash;&gt;&ndash;&gt;-->
<!--&lt;!&ndash;                <property name="forceBigDecimals" value="false"/>&ndash;&gt;-->
<!--&lt;!&ndash;                &lt;!&ndash;是否支持JSR310&ndash;&gt;&ndash;&gt;-->
<!--&lt;!&ndash;                <property name="useJSR310Types" value="false"/>&ndash;&gt;-->
<!--&lt;!&ndash;            </javaTypeResolver>&ndash;&gt;-->

<!--       &lt;!&ndash;数据库连接信息 &ndash;&gt;-->
<!--        <jdbcConnection driverClass="${spring.datasource.driver-class-name}"-->
<!--                      connectionURL="${spring.datasource.url}"-->
<!--                       userId="${spring.datasource.username}"-->
<!--                     password="${spring.datasource.password}">-->
<!--       </jdbcConnection>-->

<!--        &lt;!&ndash;生成的model 包路径 &ndash;&gt;-->
<!--      <javaModelGenerator targetPackage="${mybatis.javaModelGenerator.targetPackage}"-->
<!--                           targetProject="${mybatis.generator.targetProject}">-->
<!--          <property name="trimStrings" value="true"/>-->
<!--       </javaModelGenerator>-->

<!--       &lt;!&ndash;生成xml mapper文件 路径 &ndash;&gt;-->
<!--      <sqlMapGenerator targetPackage="${mybatis.sqlMapGenerator.targetPackage}"-->
<!--                         targetProject="${mybatis.generator.targetProject}">-->
<!--          <property name="enableSubPackages" value="true"/>-->
<!--       </sqlMapGenerator>-->

<!--       &lt;!&ndash; 生成的Dao接口 的包路径 &ndash;&gt;-->
<!--      &lt;!&ndash;type属性可选纯注解实现与混合实现及xml映射实现&ndash;&gt;-->
<!--        <javaClientGenerator type="XMLMAPPER"-->
<!--                           targetPackage="${mybatis.javaClientGenerator.targetPackage}"-->
<!--                             targetProject="${mybatis.generator.targetProject}">-->
<!--        </javaClientGenerator>-->

<!--     <table schema=""  tableName="dptt" >-->
<!--         <property name="useActualColumnNames" value="true"/>-->

<!--     </table>-->
<!--     <table schema=""  tableName="staff" >-->
<!--         <property name="useActualColumnNames" value="true"/>-->
<!--     </table>-->
<!--         </context>-->
<!-- </generatorConfiguration>-->