<!--<?xml version="1.0" encoding="UTF-8"?>-->
<!--<!DOCTYPE mapper PUBLIC "-//mybatis.org//DTD Mapper 3.0//EN" "http://mybatis.org/dtd/mybatis-3-mapper.dtd">-->
<!--<mapper namespace="com.formssi.mapper.DpttMapper">-->
<!--  <select id="selectByPrimaryKey" parameterType="java.lang.Integer" resultMap="BaseResultMap">-->
<!--    select no, department-->
<!--    from dptt-->
<!--    where no = #{no,jdbcType=INTEGER}-->
<!--  </select>-->
<!--  <resultMap id="BaseResultMap" type="com.formssi.entity.Dptt">-->
<!--    <id column="no" jdbcType="INTEGER" property="no" />-->
<!--    <result column="department" jdbcType="VARCHAR" property="department" />-->
<!--  </resultMap>-->
<!--  <delete id="deleteByPrimaryKey" parameterType="java.lang.Integer">-->
<!--    delete from dptt-->
<!--    where no = #{no,jdbcType=INTEGER}-->
<!--  </delete>-->
<!--  <insert id="insert" parameterType="com.formssi.entity.Dptt">-->
<!--    insert into dptt (no, department)-->
<!--    values (#{no,jdbcType=INTEGER}, #{department,jdbcType=VARCHAR})-->
<!--  </insert>-->
<!--  <update id="updateByPrimaryKey" parameterType="com.formssi.entity.Dptt">-->
<!--    update dptt-->
<!--    set department = #{department,jdbcType=VARCHAR}-->
<!--    where no = #{no,jdbcType=INTEGER}-->
<!--  </update>-->
<!--  <select id="selectAll" resultMap="BaseResultMap">-->
<!--    select no, department-->
<!--    from dptt-->
<!--  </select>-->
<!--</mapper>-->