<!--<?xml version="1.0" encoding="UTF-8"?>-->
<!--<!DOCTYPE mapper PUBLIC "-//mybatis.org//DTD Mapper 3.0//EN" "http://mybatis.org/dtd/mybatis-3-mapper.dtd">-->
<!--<mapper namespace="com.formssi.mapper.StaffMapper">-->
<!--  <resultMap id="BaseResultMap" type="com.formssi.entity.Staff">-->
<!--    <id column="id" jdbcType="INTEGER" property="id" />-->
<!--    <result column="name" jdbcType="VARCHAR" property="name" />-->
<!--    <result column="age" jdbcType="INTEGER" property="age" />-->
<!--    <result column="sex" jdbcType="VARCHAR" property="sex" />-->
<!--  </resultMap>-->
<!--  <delete id="deleteByPrimaryKey" parameterType="java.lang.Integer">-->
<!--    delete from staff-->
<!--    where id = #{id,jdbcType=INTEGER}-->
<!--  </delete>-->
<!--  <insert id="insert" parameterType="com.formssi.entity.Staff">-->
<!--    insert into staff (id, name, age, -->
<!--      sex)-->
<!--    values (#{id,jdbcType=INTEGER}, #{name,jdbcType=VARCHAR}, #{age,jdbcType=INTEGER}, -->
<!--      #{sex,jdbcType=VARCHAR})-->
<!--  </insert>-->
<!--  <update id="updateByPrimaryKey" parameterType="com.formssi.entity.Staff">-->
<!--    update staff-->
<!--    set name = #{name,jdbcType=VARCHAR},-->
<!--      age = #{age,jdbcType=INTEGER},-->
<!--      sex = #{sex,jdbcType=VARCHAR}-->
<!--    where id = #{id,jdbcType=INTEGER}-->
<!--  </update>-->
<!--  <select id="selectByPrimaryKey" parameterType="java.lang.Integer" resultMap="BaseResultMap">-->
<!--    select id, name, age, sex-->
<!--    from staff-->
<!--    where id = #{id,jdbcType=INTEGER}-->
<!--  </select>-->
<!--  <select id="selectAll" resultMap="BaseResultMap">-->
<!--    select id, name, age, sex-->
<!--    from staff-->
<!--  </select>-->
<!--</mapper>-->